<?xml version="1.0" encoding="UTF-8"?>
<project-private xmlns="http://www.netbeans.org/ns/project-private/1">
    <editor-bookmarks xmlns="http://www.netbeans.org/ns/editor-bookmarks/2" lastBookmarkId="0"/>
    <open-files xmlns="http://www.netbeans.org/ns/projectui-open-files/2">
        <group>
            <file>file:/media/hirwa/ae9c0b4a-7bc9-4ce1-b3cf-49e518120251/hirwa/Documents/STUDIES/9._AUCA_Semester_9/WEB_TECH/MY_PROJECTS/PrivateCompaniesManager/web/abc.jsp</file>
            <file>file:/media/hirwa/ae9c0b4a-7bc9-4ce1-b3cf-49e518120251/hirwa/Documents/STUDIES/9._AUCA_Semester_9/WEB_TECH/MY_PROJECTS/PrivateCompaniesManager/web/opq.jsp</file>
            <file>file:/media/hirwa/ae9c0b4a-7bc9-4ce1-b3cf-49e518120251/hirwa/Documents/STUDIES/9._AUCA_Semester_9/WEB_TECH/MY_PROJECTS/PrivateCompaniesManager/web/xyz.jsp</file>
        </group>
    </open-files>
</project-private>
